Make,Model,Vendor,MPN,AD Item Number,Vendor Notes,NI#,REF#,OEM#,Year
SKI-DOO,Expedition LE E-TEC 600R,NACH,SM-07163,KX09400,PAPER ELEMENT TYPE WITH O-RING,SM-07163,,420956120,2023
SKI-DOO,Expedition SE ACE 900,NACH,SM-07163,KX09400,PAPER ELEMENT TYPE WITH O-RING,SM-07163,,420956120,2023
SKI-DOO,Expedition SE ACE 900 Turbo R,NACH,SM-07163,KX09400,PAPER ELEMENT TYPE WITH O-RING,SM-07163,,420956120,2023
SKI-DOO,Expedition Sport ACE 900,NACH,SM-07163,KX09400,PAPER ELEMENT TYPE WITH O-RING,SM-07163,,420956120,2023
SKI-DOO,Grand Touring Limited ACE 900,NACH,SM-07163,KX09400,PAPER ELEMENT TYPE WITH O-RING,SM-07163,,420956120,2023
SKI-DOO,Grand Touring Limited ACE 900 Turbo,NACH,SM-07163,KX09400,PAPER ELEMENT TYPE WITH O-RING,SM-07163,,420956120,2023
SKI-DOO,Grand Touring Limited ACE 900 Turbo R,NACH,SM-07163,KX09400,PAPER ELEMENT TYPE WITH O-RING,SM-07163,,420956120,2023
SKI-DOO,Grand Touring Sport 600 ACE,NACH,SM-07163,KX09400,PAPER ELEMENT TYPE WITH O-RING,SM-07163,,420956120,2023
SKI-DOO,Grand Touring Sport ACE 900,NACH,SM-07163,KX09400,PAPER ELEMENT TYPE WITH O-RING,SM-07163,,420956120,2023
SKI-DOO,Expedition LE E-TEC 600R,NACH,SM-07163,KX09400,PAPER ELEMENT TYPE WITH O-RING,SM-07163,,420956123,2023
SKI-DOO,Expedition SE ACE 900,NACH,SM-07163,KX09400,PAPER ELEMENT TYPE WITH O-RING,SM-07163,,420956123,2023
SKI-DOO,Expedition SE ACE 900 Turbo R,NACH,SM-07163,KX09400,PAPER ELEMENT TYPE WITH O-RING,SM-07163,,420956123,2023
SKI-DOO,Expedition Sport ACE 900,NACH,SM-07163,KX09400,PAPER ELEMENT TYPE WITH O-RING,SM-07163,,420956123,2023
SKI-DOO,Grand Touring Limited ACE 900,NACH,SM-07163,KX09400,PAPER ELEMENT TYPE WITH O-RING,SM-07163,,420956123,2023
SKI-DOO,Grand Touring Limited ACE 900 Turbo,NACH,SM-07163,KX09400,PAPER ELEMENT TYPE WITH O-RING,SM-07163,,420956123,2023
SKI-DOO,Grand Touring Limited ACE 900 Turbo R,NACH,SM-07163,KX09400,PAPER ELEMENT TYPE WITH O-RING,SM-07163,,420956123,2023
SKI-DOO,Grand Touring Sport 600 ACE,NACH,SM-07163,KX09400,PAPER ELEMENT TYPE WITH O-RING,SM-07163,,420956123,2023
SKI-DOO,Grand Touring Sport ACE 900,NACH,SM-07163,KX09400,PAPER ELEMENT TYPE WITH O-RING,SM-07163,,420956123,2023
SKI-DOO,Expedition LE E-TEC 600R,NACH,SM-07163,KX09400,PAPER ELEMENT TYPE WITH O-RING,SM-07163,,420956124,2023
SKI-DOO,Expedition SE ACE 900,NACH,SM-07163,KX09400,PAPER ELEMENT TYPE WITH O-RING,SM-07163,,420956124,2023
SKI-DOO,Expedition SE ACE 900 Turbo R,NACH,SM-07163,KX09400,PAPER ELEMENT TYPE WITH O-RING,SM-07163,,420956124,2023
SKI-DOO,Expedition Sport ACE 900,NACH,SM-07163,KX09400,PAPER ELEMENT TYPE WITH O-RING,SM-07163,,420956124,2023
SKI-DOO,Grand Touring Limited ACE 900,NACH,SM-07163,KX09400,PAPER ELEMENT TYPE WITH O-RING,SM-07163,,420956124,2023
SKI-DOO,Grand Touring Limited ACE 900 Turbo,NACH,SM-07163,KX09400,PAPER ELEMENT TYPE WITH O-RING,SM-07163,,420956124,2023
SKI-DOO,Grand Touring Limited ACE 900 Turbo R,NACH,SM-07163,KX09400,PAPER ELEMENT TYPE WITH O-RING,SM-07163,,420956124,2023
SKI-DOO,Grand Touring Sport 600 ACE,NACH,SM-07163,KX09400,PAPER ELEMENT TYPE WITH O-RING,SM-07163,,420956124,2023
SKI-DOO,Grand Touring Sport ACE 900,NACH,SM-07163,KX09400,PAPER ELEMENT TYPE WITH O-RING,SM-07163,,420956124,2023
